{
  "best_threshold": 0.7,
  "metrics": {
    "loss": 0.0002515701869924669,
    "precision": 0.6809815909142234,
    "recall": 0.8102189721881827,
    "f1": 0.7399994988225551,
    "iou": 0.5873015841941716
  }
}